<TICKER>,<PER>,<DATE>,<TIME>,<OPEN>,<HIGH>,<LOW>,<CLOSE>,<VOL>
NFLX-RM,60,20220103,080000,45251.0000000,45386.0000000,45250.0000000,45386.0000000,10
NFLX-RM,60,20220103,090000,45572.0000000,45572.0000000,45572.0000000,45572.0000000,1
NFLX-RM,60,20220103,100000,45321.0000000,45486.0000000,45320.0000000,45486.0000000,4
NFLX-RM,60,20220103,110000,45408.0000000,45409.0000000,45252.0000000,45252.0000000,13
NFLX-RM,60,20220103,120000,45252.0000000,45252.0000000,44756.0000000,44756.0000000,60
NFLX-RM,60,20220103,130000,44828.0000000,45013.0000000,44828.0000000,44832.0000000,28
NFLX-RM,60,20220103,140000,44814.0000000,44889.0000000,44814.0000000,44889.0000000,14
NFLX-RM,60,20220103,150000,44900.0000000,44912.0000000,44877.0000000,44877.0000000,27
NFLX-RM,60,20220103,160000,44882.0000000,44937.0000000,44877.0000000,44937.0000000,41
NFLX-RM,60,20220103,170000,45000.0000000,45000.0000000,44937.0000000,44937.0000000,24
NFLX-RM,60,20220103,180000,44920.0000000,45154.0000000,44498.0000000,44498.0000000,90
NFLX-RM,60,20220103,190000,44712.0000000,44778.0000000,44501.0000000,44778.0000000,23
NFLX-RM,60,20220103,200000,44778.0000000,44778.0000000,44130.0000000,44185.0000000,55
NFLX-RM,60,20220103,210000,44130.0000000,44402.0000000,44022.0000000,44247.0000000,36
NFLX-RM,60,20220103,220000,44247.0000000,44590.0000000,44247.0000000,44590.0000000,33
NFLX-RM,60,20220103,230000,44646.0000000,44646.0000000,44552.0000000,44552.0000000,14
NFLX-RM,60,20220104,000000,44552.0000000,44597.0000000,44530.0000000,44597.0000000,19
NFLX-RM,60,20220104,090000,44956.0000000,44956.0000000,44956.0000000,44956.0000000,1
NFLX-RM,60,20220104,100000,44797.0000000,44943.0000000,44795.0000000,44828.0000000,9
NFLX-RM,60,20220104,110000,44669.0000000,44826.0000000,44669.0000000,44826.0000000,4
NFLX-RM,60,20220104,120000,44774.0000000,44926.0000000,44700.0000000,44906.0000000,27
NFLX-RM,60,20220104,130000,44853.0000000,44972.0000000,44831.0000000,44972.0000000,48
NFLX-RM,60,20220104,140000,44980.0000000,45100.0000000,44972.0000000,45100.0000000,47
NFLX-RM,60,20220104,150000,45181.0000000,45181.0000000,45127.0000000,45168.0000000,15
NFLX-RM,60,20220104,160000,45168.0000000,45254.0000000,45168.0000000,45254.0000000,20
NFLX-RM,60,20220104,170000,45215.0000000,45216.0000000,45214.0000000,45215.0000000,7
NFLX-RM,60,20220104,180000,45314.0000000,45321.0000000,44574.0000000,44574.0000000,72
NFLX-RM,60,20220104,190000,44622.0000000,44784.0000000,44132.0000000,44132.0000000,77
NFLX-RM,60,20220104,200000,44113.0000000,44256.0000000,43850.0000000,44071.0000000,54
NFLX-RM,60,20220104,210000,44030.0000000,44108.0000000,43900.0000000,44108.0000000,8
NFLX-RM,60,20220104,220000,44131.0000000,44131.0000000,43900.0000000,43900.0000000,8
NFLX-RM,60,20220104,230000,43873.0000000,44200.0000000,43873.0000000,44200.0000000,20
NFLX-RM,60,20220105,000000,44244.0000000,44500.0000000,44244.0000000,44500.0000000,24
NFLX-RM,60,20220105,080000,44652.0000000,44652.0000000,44650.0000000,44650.0000000,3
NFLX-RM,60,20220105,090000,44650.0000000,44756.0000000,44650.0000000,44756.0000000,2
NFLX-RM,60,20220105,100000,44724.0000000,44724.0000000,44383.0000000,44383.0000000,16
NFLX-RM,60,20220105,110000,44351.0000000,44597.0000000,44350.0000000,44564.0000000,30
NFLX-RM,60,20220105,120000,44646.0000000,44646.0000000,44645.0000000,44646.0000000,4
NFLX-RM,60,20220105,130000,44645.0000000,44647.0000000,44645.0000000,44647.0000000,19
NFLX-RM,60,20220105,140000,44646.0000000,44646.0000000,44646.0000000,44646.0000000,1
NFLX-RM,60,20220105,150000,44649.0000000,44649.0000000,44649.0000000,44649.0000000,1
NFLX-RM,60,20220105,160000,44670.0000000,44670.0000000,44668.0000000,44670.0000000,4
NFLX-RM,60,20220105,170000,44688.0000000,44774.0000000,44670.0000000,44774.0000000,5
NFLX-RM,60,20220105,180000,44759.0000000,44781.0000000,44311.0000000,44570.0000000,77
NFLX-RM,60,20220105,190000,44444.0000000,44444.0000000,44311.0000000,44373.0000000,15
NFLX-RM,60,20220105,200000,44373.0000000,44430.0000000,44300.0000000,44426.0000000,7
NFLX-RM,60,20220105,210000,44335.0000000,44351.0000000,44000.0000000,44000.0000000,26
NFLX-RM,60,20220105,220000,43900.0000000,43909.0000000,43700.0000000,43700.0000000,26
NFLX-RM,60,20220105,230000,43996.0000000,44139.0000000,43839.0000000,43839.0000000,20
NFLX-RM,60,20220106,000000,43700.0000000,43775.0000000,43635.0000000,43775.0000000,121
NFLX-RM,60,20220106,080000,43641.0000000,43683.0000000,43452.0000000,43453.0000000,18
NFLX-RM,60,20220106,090000,43238.0000000,43338.0000000,43238.0000000,43338.0000000,8
NFLX-RM,60,20220106,100000,43188.0000000,43319.0000000,43077.0000000,43319.0000000,14
NFLX-RM,60,20220106,110000,43395.0000000,43692.0000000,43343.0000000,43692.0000000,46
NFLX-RM,60,20220106,120000,43623.0000000,43653.0000000,43537.0000000,43652.0000000,25
NFLX-RM,60,20220106,130000,43665.0000000,43665.0000000,43100.0000000,43123.0000000,58
NFLX-RM,60,20220106,140000,43196.0000000,43196.0000000,42806.0000000,42807.0000000,21
NFLX-RM,60,20220106,150000,42876.0000000,42876.0000000,42700.0000000,42700.0000000,14
NFLX-RM,60,20220106,160000,42762.0000000,42763.0000000,42199.0000000,42526.0000000,21
NFLX-RM,60,20220106,170000,42574.0000000,42807.0000000,42438.0000000,42719.0000000,40
NFLX-RM,60,20220106,180000,42719.0000000,43230.0000000,42199.0000000,42507.0000000,133
NFLX-RM,60,20220106,190000,42206.0000000,42397.0000000,41660.0000000,42397.0000000,101
NFLX-RM,60,20220106,200000,42507.0000000,42671.0000000,42350.0000000,42586.0000000,28
NFLX-RM,60,20220106,210000,42586.0000000,42800.0000000,42500.0000000,42551.0000000,16
NFLX-RM,60,20220106,220000,42418.0000000,42419.0000000,42418.0000000,42419.0000000,4
NFLX-RM,60,20220106,230000,42419.0000000,42419.0000000,42240.0000000,42277.0000000,34
NFLX-RM,60,20220107,000000,42233.0000000,42344.0000000,42157.0000000,42208.0000000,28
NFLX-RM,60,20220107,080000,42420.0000000,42420.0000000,42420.0000000,42420.0000000,4
NFLX-RM,60,20220107,090000,42388.0000000,42500.0000000,42388.0000000,42500.0000000,8
NFLX-RM,60,20220107,100000,42581.0000000,42581.0000000,42327.0000000,42382.0000000,31
NFLX-RM,60,20220107,110000,42388.0000000,42396.0000000,42388.0000000,42396.0000000,3
NFLX-RM,60,20220107,120000,42216.0000000,42216.0000000,41748.0000000,41897.0000000,111
NFLX-RM,60,20220107,130000,41950.0000000,41972.0000000,41729.0000000,41959.0000000,226
NFLX-RM,60,20220107,140000,41996.0000000,42084.0000000,41971.0000000,42084.0000000,29
NFLX-RM,60,20220107,150000,42188.0000000,42210.0000000,42171.0000000,42171.0000000,8
NFLX-RM,60,20220107,160000,42164.0000000,42164.0000000,41986.0000000,41986.0000000,91
NFLX-RM,60,20220107,170000,41939.0000000,41940.0000000,41195.0000000,41195.0000000,44
NFLX-RM,60,20220107,180000,41444.0000000,41687.0000000,41104.0000000,41352.0000000,158
NFLX-RM,60,20220107,190000,41105.0000000,41105.0000000,40800.0000000,40800.0000000,10
NFLX-RM,60,20220107,200000,40747.0000000,40998.0000000,40747.0000000,40998.0000000,35
NFLX-RM,60,20220107,210000,40889.0000000,41085.0000000,40835.0000000,40913.0000000,79
NFLX-RM,60,20220107,220000,40884.0000000,40920.0000000,40730.0000000,40730.0000000,25
NFLX-RM,60,20220107,230000,40693.0000000,40801.0000000,40675.0000000,40801.0000000,23
NFLX-RM,60,20220108,000000,40801.0000000,40849.0000000,40700.0000000,40849.0000000,23
NFLX-RM,60,20220110,080000,40888.0000000,40903.0000000,40747.0000000,40903.0000000,7
NFLX-RM,60,20220110,090000,40956.0000000,40957.0000000,40956.0000000,40957.0000000,5
NFLX-RM,60,20220110,100000,41132.0000000,41132.0000000,41082.0000000,41082.0000000,3
NFLX-RM,60,20220110,110000,41082.0000000,41082.0000000,40957.0000000,41015.0000000,34
NFLX-RM,60,20220110,120000,41058.0000000,41121.0000000,40506.0000000,40845.0000000,57
NFLX-RM,60,20220110,130000,40801.0000000,40801.0000000,40714.0000000,40714.0000000,3
NFLX-RM,60,20220110,140000,40735.0000000,40756.0000000,40616.0000000,40616.0000000,20
NFLX-RM,60,20220110,150000,40522.0000000,40523.0000000,40440.0000000,40461.0000000,10
NFLX-RM,60,20220110,160000,40535.0000000,40535.0000000,40220.0000000,40250.0000000,28
NFLX-RM,60,20220110,170000,40250.0000000,40436.0000000,40250.0000000,40400.0000000,37
NFLX-RM,60,20220110,180000,40291.0000000,40780.0000000,40200.0000000,40780.0000000,90
NFLX-RM,60,20220110,190000,40485.0000000,40485.0000000,39798.0000000,39798.0000000,52
NFLX-RM,60,20220110,200000,40064.0000000,40090.0000000,39798.0000000,39993.0000000,54
NFLX-RM,60,20220110,210000,39823.0000000,39845.0000000,39600.0000000,39845.0000000,20
NFLX-RM,60,20220110,220000,39845.0000000,39993.0000000,39799.0000000,39993.0000000,46
NFLX-RM,60,20220111,000000,40101.0000000,42999.0000000,40101.0000000,40300.0000000,40
NFLX-RM,60,20220111,080000,40505.0000000,40698.0000000,40505.0000000,40698.0000000,3
NFLX-RM,60,20220111,090000,40727.0000000,40762.0000000,40727.0000000,40762.0000000,4
NFLX-RM,60,20220111,100000,40662.0000000,40662.0000000,40503.0000000,40503.0000000,9
NFLX-RM,60,20220111,110000,40487.0000000,40556.0000000,40487.0000000,40487.0000000,7
NFLX-RM,60,20220111,120000,40537.0000000,40621.0000000,40400.0000000,40400.0000000,105
NFLX-RM,60,20220111,130000,40458.0000000,40658.0000000,40458.0000000,40658.0000000,19
NFLX-RM,60,20220111,140000,40608.0000000,40631.0000000,40608.0000000,40623.0000000,8
NFLX-RM,60,20220111,150000,40570.0000000,40595.0000000,40526.0000000,40563.0000000,9
NFLX-RM,60,20220111,160000,40587.0000000,40661.0000000,40587.0000000,40631.0000000,15
NFLX-RM,60,20220111,170000,40536.0000000,40614.0000000,40536.0000000,40558.0000000,75
NFLX-RM,60,20220111,180000,40458.0000000,40458.0000000,39947.0000000,40087.0000000,93
NFLX-RM,60,20220111,190000,40080.0000000,40349.0000000,39700.0000000,39700.0000000,32
NFLX-RM,60,20220111,200000,39871.0000000,40360.0000000,39871.0000000,40360.0000000,119
NFLX-RM,60,20220111,210000,40387.0000000,40497.0000000,40177.0000000,40349.0000000,23
NFLX-RM,60,20220111,220000,40361.0000000,40487.0000000,40259.0000000,40438.0000000,18
NFLX-RM,60,20220111,230000,40438.0000000,40438.0000000,40264.0000000,40325.0000000,77
NFLX-RM,60,20220112,000000,40362.0000000,40362.0000000,40222.0000000,40260.0000000,27
NFLX-RM,60,20220112,080000,40441.0000000,40441.0000000,40434.0000000,40434.0000000,2
NFLX-RM,60,20220112,090000,40419.0000000,40419.0000000,40419.0000000,40419.0000000,1
NFLX-RM,60,20220112,100000,40503.0000000,40503.0000000,40379.0000000,40379.0000000,17
NFLX-RM,60,20220112,110000,40396.0000000,40584.0000000,40381.0000000,40584.0000000,63
NFLX-RM,60,20220112,120000,40517.0000000,40517.0000000,40382.0000000,40382.0000000,190
NFLX-RM,60,20220112,130000,40370.0000000,40425.0000000,40355.0000000,40379.0000000,75
NFLX-RM,60,20220112,140000,40423.0000000,40427.0000000,40416.0000000,40416.0000000,4
NFLX-RM,60,20220112,150000,40396.0000000,40396.0000000,40396.0000000,40396.0000000,1
NFLX-RM,60,20220112,160000,40473.0000000,40529.0000000,40455.0000000,40493.0000000,46
NFLX-RM,60,20220112,170000,40451.0000000,40635.0000000,40450.0000000,40627.0000000,95
NFLX-RM,60,20220112,180000,40734.0000000,40734.0000000,40278.0000000,40512.0000000,180
NFLX-RM,60,20220112,190000,40436.0000000,40436.0000000,39910.0000000,39910.0000000,85
NFLX-RM,60,20220112,200000,39969.0000000,40114.0000000,39931.0000000,40098.0000000,79
NFLX-RM,60,20220112,210000,40050.0000000,40366.0000000,40005.0000000,40349.0000000,31
NFLX-RM,60,20220112,220000,40400.0000000,40400.0000000,40201.0000000,40236.0000000,86
NFLX-RM,60,20220112,230000,40150.0000000,40257.0000000,40147.0000000,40233.0000000,48
NFLX-RM,60,20220113,000000,40214.0000000,40214.0000000,39995.0000000,40054.0000000,55
NFLX-RM,60,20220113,080000,40150.0000000,40150.0000000,40007.0000000,40007.0000000,14
NFLX-RM,60,20220113,090000,40105.0000000,40105.0000000,40105.0000000,40105.0000000,2
NFLX-RM,60,20220113,100000,40136.0000000,40136.0000000,40063.0000000,40063.0000000,7
NFLX-RM,60,20220113,110000,39970.0000000,39990.0000000,39841.0000000,39990.0000000,67
NFLX-RM,60,20220113,120000,39919.0000000,40059.0000000,39899.0000000,40037.0000000,19
NFLX-RM,60,20220113,130000,40027.0000000,40098.0000000,40027.0000000,40098.0000000,28
NFLX-RM,60,20220113,140000,40177.0000000,40243.0000000,40177.0000000,40205.0000000,13
NFLX-RM,60,20220113,150000,40247.0000000,40355.0000000,40247.0000000,40355.0000000,48
NFLX-RM,60,20220113,160000,40462.0000000,40679.0000000,40459.0000000,40679.0000000,66
NFLX-RM,60,20220113,170000,40678.0000000,40678.0000000,40486.0000000,40599.0000000,12
NFLX-RM,60,20220113,180000,40628.0000000,41000.0000000,40368.0000000,40640.0000000,126
NFLX-RM,60,20220113,190000,40640.0000000,40858.0000000,40205.0000000,40544.0000000,95
NFLX-RM,60,20220113,200000,40518.0000000,40766.0000000,40214.0000000,40214.0000000,32
NFLX-RM,60,20220113,210000,40205.0000000,40205.0000000,39841.0000000,39877.0000000,122
NFLX-RM,60,20220113,220000,39850.0000000,39999.0000000,39850.0000000,39928.0000000,42
NFLX-RM,60,20220113,230000,40003.0000000,40059.0000000,39862.0000000,39866.0000000,37
NFLX-RM,60,20220114,000000,39800.0000000,39801.0000000,39680.0000000,39680.0000000,21
NFLX-RM,60,20220114,080000,39712.0000000,39712.0000000,39658.0000000,39658.0000000,3
NFLX-RM,60,20220114,090000,39666.0000000,39725.0000000,39609.0000000,39725.0000000,6
NFLX-RM,60,20220114,100000,39665.0000000,39730.0000000,39560.0000000,39560.0000000,24
NFLX-RM,60,20220114,110000,39424.0000000,39424.0000000,39392.0000000,39392.0000000,17
NFLX-RM,60,20220114,120000,39400.0000000,39622.0000000,39392.0000000,39470.0000000,99
NFLX-RM,60,20220114,130000,39478.0000000,39695.0000000,39478.0000000,39664.0000000,30
NFLX-RM,60,20220114,140000,39590.0000000,39590.0000000,39479.0000000,39590.0000000,43
NFLX-RM,60,20220114,150000,39715.0000000,39910.0000000,39690.0000000,39910.0000000,42
NFLX-RM,60,20220114,160000,39769.0000000,39851.0000000,39415.0000000,39415.0000000,20
NFLX-RM,60,20220114,170000,39400.0000000,39628.0000000,39400.0000000,39451.0000000,75
NFLX-RM,60,20220114,180000,39400.0000000,39659.0000000,38970.0000000,39609.0000000,57
NFLX-RM,60,20220114,190000,39600.0000000,39600.0000000,39180.0000000,39180.0000000,27
NFLX-RM,60,20220114,200000,39073.0000000,39613.0000000,39073.0000000,39475.0000000,33
NFLX-RM,60,20220114,210000,39462.0000000,39462.0000000,39300.0000000,39300.0000000,9
NFLX-RM,60,20220114,220000,39450.0000000,39450.0000000,39273.0000000,39351.0000000,34
NFLX-RM,60,20220114,230000,39510.0000000,39510.0000000,39324.0000000,39348.0000000,7
NFLX-RM,60,20220115,000000,39356.0000000,40844.0000000,39356.0000000,40449.0000000,775
NFLX-RM,60,20220118,080000,40006.0000000,40019.0000000,39870.0000000,40019.0000000,21
NFLX-RM,60,20220118,090000,40019.0000000,40019.0000000,39942.0000000,39942.0000000,10
NFLX-RM,60,20220118,100000,39981.0000000,40015.0000000,39948.0000000,40015.0000000,8
NFLX-RM,60,20220118,110000,40045.0000000,40126.0000000,40016.0000000,40049.0000000,26
NFLX-RM,60,20220118,120000,40049.0000000,40049.0000000,39928.0000000,39948.0000000,40
NFLX-RM,60,20220118,130000,39783.0000000,39783.0000000,39590.0000000,39747.0000000,66
NFLX-RM,60,20220118,140000,39783.0000000,39859.0000000,39783.0000000,39790.0000000,75
NFLX-RM,60,20220118,150000,39690.0000000,39753.0000000,39690.0000000,39704.0000000,31
NFLX-RM,60,20220118,160000,39816.0000000,39884.0000000,39734.0000000,39869.0000000,73
NFLX-RM,60,20220118,170000,39836.0000000,39836.0000000,39675.0000000,39810.0000000,60
NFLX-RM,60,20220118,180000,39810.0000000,39969.0000000,39418.0000000,39538.0000000,199
NFLX-RM,60,20220118,190000,39538.0000000,39854.0000000,39538.0000000,39561.0000000,84
NFLX-RM,60,20220118,200000,39450.0000000,39477.0000000,39301.0000000,39449.0000000,154
NFLX-RM,60,20220118,210000,39400.0000000,39507.0000000,39311.0000000,39320.0000000,75
NFLX-RM,60,20220118,220000,39299.0000000,39399.0000000,39215.0000000,39297.0000000,50
NFLX-RM,60,20220118,230000,39297.0000000,39476.0000000,39297.0000000,39476.0000000,5
NFLX-RM,60,20220119,000000,39440.0000000,39440.0000000,39200.0000000,39200.0000000,29
NFLX-RM,60,20220119,080000,39430.0000000,39430.0000000,39061.0000000,39137.0000000,33
NFLX-RM,60,20220119,090000,39093.0000000,39093.0000000,38780.0000000,38780.0000000,40
NFLX-RM,60,20220119,100000,38885.0000000,39142.0000000,38885.0000000,39142.0000000,43
NFLX-RM,60,20220119,110000,39143.0000000,39180.0000000,39000.0000000,39000.0000000,17
NFLX-RM,60,20220119,120000,38944.0000000,39066.0000000,38944.0000000,39066.0000000,9
NFLX-RM,60,20220119,130000,39117.0000000,39222.0000000,39066.0000000,39152.0000000,36
NFLX-RM,60,20220119,140000,39252.0000000,39252.0000000,39164.0000000,39227.0000000,11
NFLX-RM,60,20220119,150000,39252.0000000,39252.0000000,38881.0000000,38881.0000000,34
NFLX-RM,60,20220119,160000,39000.0000000,39043.0000000,38948.0000000,38985.0000000,17
NFLX-RM,60,20220119,170000,39046.0000000,39300.0000000,39046.0000000,39292.0000000,25
NFLX-RM,60,20220119,180000,39301.0000000,39601.0000000,39200.0000000,39392.0000000,254
NFLX-RM,60,20220119,190000,39392.0000000,39700.0000000,39192.0000000,39197.0000000,154
NFLX-RM,60,20220119,200000,39340.0000000,39340.0000000,39031.0000000,39282.0000000,144
NFLX-RM,60,20220119,210000,39360.0000000,39888.0000000,39360.0000000,39763.0000000,42
NFLX-RM,60,20220119,220000,39763.0000000,39835.0000000,39650.0000000,39669.0000000,75
NFLX-RM,60,20220119,230000,39879.0000000,39879.0000000,39385.0000000,39385.0000000,25
NFLX-RM,60,20220120,000000,39362.0000000,39402.0000000,39259.0000000,39402.0000000,35
NFLX-RM,60,20220120,080000,39477.0000000,39522.0000000,39477.0000000,39521.0000000,14
NFLX-RM,60,20220120,090000,39521.0000000,39521.0000000,39515.0000000,39515.0000000,2
NFLX-RM,60,20220120,100000,39462.0000000,39610.0000000,39433.0000000,39610.0000000,6
NFLX-RM,60,20220120,110000,39574.0000000,39753.0000000,39574.0000000,39743.0000000,14
NFLX-RM,60,20220120,120000,39735.0000000,39965.0000000,39734.0000000,39791.0000000,39
NFLX-RM,60,20220120,130000,39791.0000000,39900.0000000,39726.0000000,39726.0000000,20
NFLX-RM,60,20220120,140000,39781.0000000,39786.0000000,39778.0000000,39786.0000000,5
NFLX-RM,60,20220120,150000,39812.0000000,40029.0000000,39812.0000000,39977.0000000,63
NFLX-RM,60,20220120,160000,39971.0000000,39971.0000000,39882.0000000,39918.0000000,17
NFLX-RM,60,20220120,170000,39952.0000000,39953.0000000,39838.0000000,39932.0000000,50
NFLX-RM,60,20220120,180000,39941.0000000,40200.0000000,39611.0000000,39789.0000000,355
NFLX-RM,60,20220120,190000,39789.0000000,39943.0000000,39650.0000000,39943.0000000,136
NFLX-RM,60,20220120,200000,40073.0000000,40134.0000000,39913.0000000,40074.0000000,81
NFLX-RM,60,20220120,210000,40070.0000000,40224.0000000,39943.0000000,39944.0000000,109
NFLX-RM,60,20220120,220000,39930.0000000,39930.0000000,39599.0000000,39599.0000000,69
NFLX-RM,60,20220120,230000,39574.0000000,39680.0000000,39250.0000000,39297.0000000,66
NFLX-RM,60,20220121,000000,39284.0000000,39360.0000000,39011.0000000,39011.0000000,37
NFLX-RM,60,20220121,080000,35833.0000000,37501.0000000,34915.0000000,35283.0000000,211
NFLX-RM,60,20220121,090000,34915.0000000,35300.0000000,34915.0000000,34915.0000000,198
NFLX-RM,60,20220121,100000,35000.0000000,35089.0000000,34915.0000000,34915.0000000,89
NFLX-RM,60,20220121,110000,34915.0000000,34915.0000000,31512.0000000,31785.0000000,675
NFLX-RM,60,20220121,120000,31772.0000000,31954.0000000,31119.0000000,31119.0000000,1214
NFLX-RM,60,20220121,130000,31121.0000000,31121.0000000,30600.0000000,30870.0000000,1081
NFLX-RM,60,20220121,140000,30934.0000000,31477.0000000,30934.0000000,31250.0000000,441
NFLX-RM,60,20220121,150000,31295.0000000,31624.0000000,31133.0000000,31492.0000000,495
NFLX-RM,60,20220121,160000,31400.0000000,31700.0000000,31067.0000000,31250.0000000,690
NFLX-RM,60,20220121,170000,31262.0000000,31442.0000000,31086.0000000,31180.0000000,550
NFLX-RM,60,20220121,180000,31150.0000000,31375.0000000,29700.0000000,29724.0000000,1833
NFLX-RM,60,20220121,190000,29708.0000000,30477.0000000,29396.0000000,29784.0000000,1393
NFLX-RM,60,20220121,200000,29874.0000000,31202.0000000,29874.0000000,30847.0000000,2280
NFLX-RM,60,20220121,210000,30833.0000000,31550.0000000,30817.0000000,31050.0000000,1083
NFLX-RM,60,20220121,220000,31070.0000000,31203.0000000,30924.0000000,31090.0000000,252
NFLX-RM,60,20220121,230000,31101.0000000,31230.0000000,29805.0000000,30330.0000000,913
NFLX-RM,60,20220122,000000,30330.0000000,30552.0000000,30190.0000000,30290.0000000,119
NFLX-RM,60,20220124,080000,30997.0000000,31743.0000000,30057.0000000,30997.0000000,570
NFLX-RM,60,20220124,090000,30968.0000000,31128.0000000,30914.0000000,31097.0000000,68
NFLX-RM,60,20220124,100000,31106.0000000,31117.0000000,30954.0000000,31031.0000000,76
NFLX-RM,60,20220124,110000,30958.0000000,30986.0000000,30730.0000000,30750.0000000,180
NFLX-RM,60,20220124,120000,30820.0000000,31114.0000000,30803.0000000,30893.0000000,115
NFLX-RM,60,20220124,130000,30906.0000000,31260.0000000,30635.0000000,30700.0000000,339
NFLX-RM,60,20220124,140000,30680.0000000,30745.0000000,30313.0000000,30635.0000000,300
NFLX-RM,60,20220124,150000,30635.0000000,30980.0000000,30628.0000000,30888.0000000,256
NFLX-RM,60,20220124,160000,31011.0000000,31011.0000000,30235.0000000,30235.0000000,378
NFLX-RM,60,20220124,170000,30256.0000000,30390.0000000,29919.0000000,30338.0000000,526
NFLX-RM,60,20220124,180000,30171.0000000,30721.0000000,29279.0000000,29292.0000000,613
NFLX-RM,60,20220124,190000,29244.0000000,29430.0000000,28317.0000000,28882.0000000,400
NFLX-RM,60,20220124,200000,28805.0000000,28805.0000000,27890.0000000,28489.0000000,602
NFLX-RM,60,20220124,210000,28450.0000000,28554.0000000,27931.0000000,28522.0000000,168
NFLX-RM,60,20220124,220000,28477.0000000,29593.0000000,28477.0000000,29533.0000000,295
NFLX-RM,60,20220124,230000,29507.0000000,29697.0000000,28978.0000000,29384.0000000,289
NFLX-RM,60,20220125,000000,29384.0000000,30297.0000000,29370.0000000,30057.0000000,292
NFLX-RM,60,20220125,080000,30004.0000000,30091.0000000,29774.0000000,29812.0000000,68
NFLX-RM,60,20220125,090000,29853.0000000,29878.0000000,29750.0000000,29877.0000000,23
NFLX-RM,60,20220125,100000,29775.0000000,30099.0000000,29750.0000000,30041.0000000,272
NFLX-RM,60,20220125,110000,30004.0000000,30006.0000000,29655.0000000,29850.0000000,193
NFLX-RM,60,20220125,120000,29887.0000000,30102.0000000,29887.0000000,30025.0000000,84
NFLX-RM,60,20220125,130000,30017.0000000,30102.0000000,29818.0000000,30102.0000000,175
NFLX-RM,60,20220125,140000,30104.0000000,30104.0000000,29771.0000000,29771.0000000,36
NFLX-RM,60,20220125,150000,29775.0000000,29972.0000000,29775.0000000,29775.0000000,122
NFLX-RM,60,20220125,160000,29775.0000000,29955.0000000,29588.0000000,29901.0000000,60
NFLX-RM,60,20220125,170000,29920.0000000,29920.0000000,29735.0000000,29870.0000000,101
NFLX-RM,60,20220125,180000,29862.0000000,30539.0000000,29783.0000000,29800.0000000,208
NFLX-RM,60,20220125,190000,29827.0000000,29845.0000000,29354.0000000,29438.0000000,162
NFLX-RM,60,20220125,200000,29448.0000000,29459.0000000,28979.0000000,28994.0000000,206
NFLX-RM,60,20220125,210000,28984.0000000,29350.0000000,28984.0000000,29120.0000000,57
NFLX-RM,60,20220125,220000,29093.0000000,29374.0000000,28984.0000000,29374.0000000,103
NFLX-RM,60,20220125,230000,29375.0000000,29413.0000000,29189.0000000,29356.0000000,92
NFLX-RM,60,20220126,000000,29359.0000000,29389.0000000,28943.0000000,28999.0000000,75
NFLX-RM,60,20220126,080000,28909.0000000,28998.0000000,28813.0000000,28872.0000000,24
NFLX-RM,60,20220126,090000,28890.0000000,28924.0000000,28872.0000000,28872.0000000,3
NFLX-RM,60,20220126,100000,28997.0000000,29014.0000000,28900.0000000,28946.0000000,43
NFLX-RM,60,20220126,110000,28946.0000000,29260.0000000,28920.0000000,29255.0000000,117
NFLX-RM,60,20220126,120000,29288.0000000,29639.0000000,29288.0000000,29610.0000000,301
NFLX-RM,60,20220126,130000,29567.0000000,29839.0000000,29562.0000000,29715.0000000,162
NFLX-RM,60,20220126,140000,29731.0000000,30150.0000000,29700.0000000,30113.0000000,235
NFLX-RM,60,20220126,150000,30150.0000000,30189.0000000,29929.0000000,30056.0000000,201
NFLX-RM,60,20220126,160000,30018.0000000,30018.0000000,29600.0000000,29699.0000000,163
NFLX-RM,60,20220126,170000,29730.0000000,29865.0000000,29710.0000000,29725.0000000,25
NFLX-RM,60,20220126,180000,29730.0000000,30230.0000000,29580.0000000,30146.0000000,164
NFLX-RM,60,20220126,190000,30300.0000000,30300.0000000,29950.0000000,30108.0000000,170
NFLX-RM,60,20220126,200000,30220.0000000,30400.0000000,30010.0000000,30020.0000000,193
NFLX-RM,60,20220126,210000,29998.0000000,30052.0000000,29900.0000000,29900.0000000,26
NFLX-RM,60,20220126,220000,29900.0000000,29900.0000000,29702.0000000,29790.0000000,18
NFLX-RM,60,20220126,230000,29891.0000000,30100.0000000,29050.0000000,29050.0000000,264
NFLX-RM,60,20220127,000000,29109.0000000,29109.0000000,28400.0000000,28500.0000000,220
NFLX-RM,60,20220127,080000,29030.0000000,29399.0000000,29030.0000000,29381.0000000,155
NFLX-RM,60,20220127,090000,29380.0000000,29437.0000000,29294.0000000,29376.0000000,27
NFLX-RM,60,20220127,100000,29377.0000000,29377.0000000,29183.0000000,29210.0000000,118
NFLX-RM,60,20220127,110000,29150.0000000,29410.0000000,29150.0000000,29369.0000000,121
NFLX-RM,60,20220127,120000,29358.0000000,29410.0000000,29089.0000000,29399.0000000,97
NFLX-RM,60,20220127,130000,29414.0000000,29773.0000000,29219.0000000,29733.0000000,258
NFLX-RM,60,20220127,140000,29680.0000000,29703.0000000,29343.0000000,29343.0000000,161
NFLX-RM,60,20220127,150000,29365.0000000,29679.0000000,29365.0000000,29633.0000000,81
NFLX-RM,60,20220127,160000,29612.0000000,29758.0000000,29342.0000000,29350.0000000,158
NFLX-RM,60,20220127,170000,29385.0000000,29425.0000000,29143.0000000,29217.0000000,167
NFLX-RM,60,20220127,180000,29300.0000000,30104.0000000,29252.0000000,29866.0000000,485
NFLX-RM,60,20220127,190000,29950.0000000,30630.0000000,29569.0000000,29925.0000000,503
NFLX-RM,60,20220127,200000,29925.0000000,30440.0000000,29580.0000000,30437.0000000,370
NFLX-RM,60,20220127,210000,30260.0000000,30365.0000000,30078.0000000,30200.0000000,290
NFLX-RM,60,20220127,220000,30204.0000000,30350.0000000,29919.0000000,30350.0000000,131
NFLX-RM,60,20220127,230000,30350.0000000,30620.0000000,30335.0000000,30379.0000000,84
NFLX-RM,60,20220128,000000,30522.0000000,30555.0000000,30219.0000000,30443.0000000,196
NFLX-RM,60,20220128,080000,30443.0000000,30616.0000000,30390.0000000,30512.0000000,156
NFLX-RM,60,20220128,090000,30590.0000000,30600.0000000,30454.0000000,30593.0000000,52
NFLX-RM,60,20220128,100000,30610.0000000,30700.0000000,30500.0000000,30700.0000000,153
NFLX-RM,60,20220128,110000,30692.0000000,30697.0000000,30515.0000000,30616.0000000,145
NFLX-RM,60,20220128,120000,30573.0000000,30586.0000000,30192.0000000,30270.0000000,156
NFLX-RM,60,20220128,130000,30385.0000000,30385.0000000,30131.0000000,30149.0000000,486
NFLX-RM,60,20220128,140000,30149.0000000,30158.0000000,29900.0000000,29941.0000000,234
NFLX-RM,60,20220128,150000,29967.0000000,30032.0000000,29896.0000000,29896.0000000,34
NFLX-RM,60,20220128,160000,29952.0000000,30006.0000000,29531.0000000,29572.0000000,272
NFLX-RM,60,20220128,170000,29572.0000000,29912.0000000,29552.0000000,29813.0000000,212
NFLX-RM,60,20220128,180000,29878.0000000,30028.0000000,29460.0000000,29460.0000000,203
NFLX-RM,60,20220128,190000,29402.0000000,29789.0000000,29300.0000000,29722.0000000,120
NFLX-RM,60,20220128,200000,29759.0000000,29840.0000000,29500.0000000,29660.0000000,56
NFLX-RM,60,20220128,210000,29657.0000000,29869.0000000,29500.0000000,29500.0000000,19
NFLX-RM,60,20220128,220000,29491.0000000,29501.0000000,29144.0000000,29195.0000000,145
NFLX-RM,60,20220128,230000,29161.0000000,29459.0000000,29001.0000000,29459.0000000,85
NFLX-RM,60,20220129,000000,29508.0000000,29750.0000000,29409.0000000,29750.0000000,57
NFLX-RM,60,20220131,080000,29999.0000000,30397.0000000,29999.0000000,30351.0000000,137
NFLX-RM,60,20220131,090000,30378.0000000,30378.0000000,30294.0000000,30323.0000000,34
NFLX-RM,60,20220131,100000,30323.0000000,30350.0000000,30100.0000000,30350.0000000,89
NFLX-RM,60,20220131,110000,30400.0000000,30470.0000000,30025.0000000,30125.0000000,268
NFLX-RM,60,20220131,120000,30149.0000000,30276.0000000,29700.0000000,30269.0000000,1196
NFLX-RM,60,20220131,130000,30231.0000000,30450.0000000,30231.0000000,30342.0000000,89
NFLX-RM,60,20220131,140000,30407.0000000,30612.0000000,30407.0000000,30599.0000000,275
NFLX-RM,60,20220131,150000,30593.0000000,30861.0000000,30585.0000000,30861.0000000,139
NFLX-RM,60,20220131,160000,30829.0000000,30829.0000000,30475.0000000,30670.0000000,199
NFLX-RM,60,20220131,170000,30745.0000000,30983.0000000,30704.0000000,30780.0000000,173
NFLX-RM,60,20220131,180000,30780.0000000,32924.0000000,30780.0000000,32167.0000000,920
NFLX-RM,60,20220131,190000,32152.0000000,32293.0000000,31943.0000000,32193.0000000,570
NFLX-RM,60,20220131,200000,32193.0000000,32450.0000000,32150.0000000,32427.0000000,242
NFLX-RM,60,20220131,210000,32370.0000000,32800.0000000,32370.0000000,32800.0000000,271
NFLX-RM,60,20220131,220000,32772.0000000,32837.0000000,32555.0000000,32760.0000000,147
NFLX-RM,60,20220131,230000,32706.0000000,32878.0000000,32677.0000000,32786.0000000,221
NFLX-RM,60,20220201,000000,32710.0000000,32941.0000000,32559.0000000,32924.0000000,197
NFLX-RM,60,20220201,080000,32920.0000000,33890.0000000,32920.0000000,33449.0000000,312
NFLX-RM,60,20220201,090000,33400.0000000,33890.0000000,33325.0000000,33460.0000000,137
NFLX-RM,60,20220201,100000,33470.0000000,33562.0000000,33428.0000000,33428.0000000,137
NFLX-RM,60,20220201,110000,33418.0000000,33689.0000000,33326.0000000,33593.0000000,617
NFLX-RM,60,20220201,120000,33593.0000000,33593.0000000,33371.0000000,33473.0000000,213
NFLX-RM,60,20220201,130000,33427.0000000,33437.0000000,32924.0000000,32956.0000000,413
NFLX-RM,60,20220201,140000,32956.0000000,33152.0000000,32956.0000000,33001.0000000,74
NFLX-RM,60,20220201,150000,33001.0000000,33001.0000000,32849.0000000,32862.0000000,117
NFLX-RM,60,20220201,160000,32900.0000000,33064.0000000,32862.0000000,33061.0000000,77
NFLX-RM,60,20220201,170000,33035.0000000,33261.0000000,33035.0000000,33232.0000000,298
NFLX-RM,60,20220201,180000,33200.0000000,34190.0000000,32577.0000000,33049.0000000,664
NFLX-RM,60,20220201,190000,33024.0000000,34031.0000000,32890.0000000,34031.0000000,496
NFLX-RM,60,20220201,200000,34000.0000000,34049.0000000,33710.0000000,34017.0000000,391
NFLX-RM,60,20220201,210000,34059.0000000,34348.0000000,33861.0000000,34345.0000000,303
NFLX-RM,60,20220201,220000,34346.0000000,34352.0000000,34100.0000000,34233.0000000,175
NFLX-RM,60,20220201,230000,34266.0000000,34600.0000000,34233.0000000,34405.0000000,283
NFLX-RM,60,20220202,000000,34600.0000000,35220.0000000,34573.0000000,35220.0000000,266
NFLX-RM,60,20220202,080000,35208.0000000,35622.0000000,35208.0000000,35553.0000000,310
NFLX-RM,60,20220202,090000,35578.0000000,35657.0000000,35450.0000000,35605.0000000,277
NFLX-RM,60,20220202,100000,35632.0000000,35661.0000000,35497.0000000,35592.0000000,223
NFLX-RM,60,20220202,110000,35614.0000000,35644.0000000,35351.0000000,35351.0000000,690
NFLX-RM,60,20220202,120000,35389.0000000,35389.0000000,34917.0000000,34978.0000000,321
NFLX-RM,60,20220202,130000,35000.0000000,35268.0000000,34918.0000000,35239.0000000,117
NFLX-RM,60,20220202,140000,35227.0000000,35228.0000000,35010.0000000,35010.0000000,103
NFLX-RM,60,20220202,150000,34965.0000000,34970.0000000,34866.0000000,34884.0000000,104
NFLX-RM,60,20220202,160000,34900.0000000,34974.0000000,34501.0000000,34643.0000000,109
NFLX-RM,60,20220202,170000,34616.0000000,34616.0000000,34340.0000000,34433.0000000,262
NFLX-RM,60,20220202,180000,34400.0000000,34640.0000000,32155.0000000,33600.0000000,610
NFLX-RM,60,20220202,190000,33719.0000000,33800.0000000,33000.0000000,33257.0000000,406
NFLX-RM,60,20220202,200000,33264.0000000,33264.0000000,32745.0000000,32745.0000000,473
NFLX-RM,60,20220202,210000,32700.0000000,33075.0000000,32700.0000000,33021.0000000,42
NFLX-RM,60,20220202,220000,33162.0000000,33186.0000000,33027.0000000,33050.0000000,114
NFLX-RM,60,20220202,230000,33011.0000000,33040.0000000,32510.0000000,32510.0000000,88
NFLX-RM,60,20220203,000000,32510.0000000,32775.0000000,32500.0000000,32670.0000000,220
NFLX-RM,60,20220203,080000,32977.0000000,33918.0000000,31665.0000000,31830.0000000,93
NFLX-RM,60,20220203,090000,31826.0000000,31854.0000000,31816.0000000,31843.0000000,48
NFLX-RM,60,20220203,100000,31836.0000000,31952.0000000,31816.0000000,31911.0000000,97
NFLX-RM,60,20220203,110000,31968.0000000,32204.0000000,31891.0000000,32182.0000000,147
NFLX-RM,60,20220203,120000,32185.0000000,32671.0000000,32185.0000000,32618.0000000,216
NFLX-RM,60,20220203,130000,32502.0000000,32502.0000000,32190.0000000,32242.0000000,109
NFLX-RM,60,20220203,140000,32206.0000000,32239.0000000,32180.0000000,32199.0000000,258
NFLX-RM,60,20220203,150000,32199.0000000,32199.0000000,32000.0000000,32180.0000000,99
NFLX-RM,60,20220203,160000,32093.0000000,32292.0000000,32060.0000000,32074.0000000,82
NFLX-RM,60,20220203,170000,32114.0000000,32341.0000000,31980.0000000,31980.0000000,96
NFLX-RM,60,20220203,180000,31949.0000000,32693.0000000,31819.0000000,32206.0000000,560
NFLX-RM,60,20220203,190000,32040.0000000,32304.0000000,31719.0000000,31778.0000000,295
NFLX-RM,60,20220203,200000,31713.0000000,31910.0000000,31616.0000000,31677.0000000,72
NFLX-RM,60,20220203,210000,31616.0000000,31710.0000000,31552.0000000,31552.0000000,48
NFLX-RM,60,20220203,220000,31500.0000000,31632.0000000,31286.0000000,31286.0000000,60
NFLX-RM,60,20220203,230000,31279.0000000,31300.0000000,31049.0000000,31200.0000000,57
NFLX-RM,60,20220204,000000,31100.0000000,31277.0000000,31044.0000000,31112.0000000,205
NFLX-RM,60,20220204,080000,31650.0000000,31678.0000000,31476.0000000,31528.0000000,252
NFLX-RM,60,20220204,090000,31619.0000000,31902.0000000,31619.0000000,31864.0000000,153
NFLX-RM,60,20220204,100000,31864.0000000,31930.0000000,31800.0000000,31800.0000000,137
NFLX-RM,60,20220204,110000,31790.0000000,31886.0000000,31595.0000000,31595.0000000,182
NFLX-RM,60,20220204,120000,31604.0000000,31661.0000000,31400.0000000,31457.0000000,207
NFLX-RM,60,20220204,130000,31506.0000000,31597.0000000,31445.0000000,31445.0000000,53
NFLX-RM,60,20220204,140000,31400.0000000,31400.0000000,31100.0000000,31144.0000000,133
NFLX-RM,60,20220204,150000,31100.0000000,31100.0000000,30789.0000000,30850.0000000,172
NFLX-RM,60,20220204,160000,30880.0000000,30925.0000000,30711.0000000,30925.0000000,94
NFLX-RM,60,20220204,170000,31181.0000000,31181.0000000,30651.0000000,30671.0000000,207
NFLX-RM,60,20220204,180000,30600.0000000,31497.0000000,30323.0000000,30600.0000000,268
NFLX-RM,60,20220204,190000,30717.0000000,31060.0000000,30600.0000000,30800.0000000,123
NFLX-RM,60,20220204,200000,30827.0000000,30844.0000000,30426.0000000,30500.0000000,79
NFLX-RM,60,20220204,210000,30462.0000000,30926.0000000,30462.0000000,30906.0000000,33
NFLX-RM,60,20220204,220000,30939.0000000,31147.0000000,30909.0000000,31102.0000000,23
NFLX-RM,60,20220204,230000,31122.0000000,31150.0000000,31000.0000000,31111.0000000,36
NFLX-RM,60,20220205,000000,31167.0000000,31255.0000000,31013.0000000,31013.0000000,48
NFLX-RM,60,20220207,080000,31151.0000000,31324.0000000,31151.0000000,31323.0000000,24
NFLX-RM,60,20220207,090000,31296.0000000,31461.0000000,31296.0000000,31417.0000000,22
NFLX-RM,60,20220207,100000,31406.0000000,31444.0000000,31261.0000000,31261.0000000,45
NFLX-RM,60,20220207,110000,31261.0000000,31278.0000000,31241.0000000,31278.0000000,7
NFLX-RM,60,20220207,120000,31259.0000000,31259.0000000,31000.0000000,31174.0000000,64
NFLX-RM,60,20220207,130000,31075.0000000,31109.0000000,30889.0000000,30906.0000000,63
NFLX-RM,60,20220207,140000,30873.0000000,30911.0000000,30830.0000000,30907.0000000,78
NFLX-RM,60,20220207,150000,30948.0000000,31050.0000000,30948.0000000,31041.0000000,310
NFLX-RM,60,20220207,160000,31034.0000000,31151.0000000,31000.0000000,31120.0000000,47
NFLX-RM,60,20220207,170000,31210.0000000,31260.0000000,31210.0000000,31250.0000000,10
NFLX-RM,60,20220207,180000,31166.0000000,31166.0000000,30500.0000000,30500.0000000,192
NFLX-RM,60,20220207,190000,30600.0000000,30600.0000000,30221.0000000,30221.0000000,73
NFLX-RM,60,20220207,200000,30300.0000000,30300.0000000,29812.0000000,29897.0000000,192
NFLX-RM,60,20220207,210000,29855.0000000,29988.0000000,29777.0000000,29981.0000000,88
NFLX-RM,60,20220207,220000,30042.0000000,30320.0000000,30042.0000000,30270.0000000,201
NFLX-RM,60,20220207,230000,30382.0000000,30610.0000000,30300.0000000,30610.0000000,68
NFLX-RM,60,20220208,000000,30623.0000000,30645.0000000,30307.0000000,30359.0000000,29
NFLX-RM,60,20220208,080000,30408.0000000,30408.0000000,30346.0000000,30350.0000000,37
NFLX-RM,60,20220208,090000,30400.0000000,30400.0000000,30350.0000000,30350.0000000,12
NFLX-RM,60,20220208,100000,30376.0000000,30387.0000000,30289.0000000,30300.0000000,189
NFLX-RM,60,20220208,110000,30290.0000000,30291.0000000,30224.0000000,30291.0000000,26
NFLX-RM,60,20220208,120000,30292.0000000,30390.0000000,30265.0000000,30358.0000000,20
NFLX-RM,60,20220208,130000,30357.0000000,30381.0000000,30338.0000000,30338.0000000,36
NFLX-RM,60,20220208,140000,30359.0000000,30360.0000000,30185.0000000,30198.0000000,48
NFLX-RM,60,20220208,150000,30198.0000000,30198.0000000,30120.0000000,30120.0000000,12
NFLX-RM,60,20220208,160000,30040.0000000,30050.0000000,29950.0000000,30050.0000000,54
NFLX-RM,60,20220208,170000,30085.0000000,30166.0000000,30085.0000000,30166.0000000,13
NFLX-RM,60,20220208,180000,30159.0000000,30310.0000000,29944.0000000,30291.0000000,91
NFLX-RM,60,20220208,190000,30099.0000000,30167.0000000,29800.0000000,30167.0000000,33
NFLX-RM,60,20220208,200000,30062.0000000,30187.0000000,30001.0000000,30100.0000000,6
NFLX-RM,60,20220208,210000,30108.0000000,30405.0000000,30024.0000000,30300.0000000,22
NFLX-RM,60,20220208,220000,30272.0000000,30272.0000000,30037.0000000,30037.0000000,21
NFLX-RM,60,20220208,230000,30163.0000000,30168.0000000,30088.0000000,30129.0000000,80
NFLX-RM,60,20220209,000000,30185.0000000,30420.0000000,30185.0000000,30420.0000000,18
NFLX-RM,60,20220209,080000,30471.0000000,30471.0000000,30350.0000000,30350.0000000,57
NFLX-RM,60,20220209,090000,30363.0000000,30404.0000000,30314.0000000,30404.0000000,29
NFLX-RM,60,20220209,100000,30367.0000000,30537.0000000,30367.0000000,30465.0000000,54
NFLX-RM,60,20220209,110000,30433.0000000,30433.0000000,30300.0000000,30339.0000000,43
NFLX-RM,60,20220209,120000,30339.0000000,30600.0000000,30266.0000000,30504.0000000,204
NFLX-RM,60,20220209,130000,30479.0000000,30696.0000000,30479.0000000,30693.0000000,183
NFLX-RM,60,20220209,140000,30689.0000000,30689.0000000,30600.0000000,30600.0000000,51
NFLX-RM,60,20220209,150000,30610.0000000,30700.0000000,30550.0000000,30700.0000000,293
NFLX-RM,60,20220209,160000,30750.0000000,30761.0000000,30550.0000000,30752.0000000,66
NFLX-RM,60,20220209,170000,30660.0000000,30660.0000000,30586.0000000,30592.0000000,81
NFLX-RM,60,20220209,180000,30590.0000000,30593.0000000,29871.0000000,30035.0000000,370
NFLX-RM,60,20220209,190000,30130.0000000,30588.0000000,30130.0000000,30505.0000000,302
NFLX-RM,60,20220209,200000,30576.0000000,30576.0000000,30276.0000000,30276.0000000,57
NFLX-RM,60,20220209,210000,30211.0000000,30218.0000000,30000.0000000,30141.0000000,253
NFLX-RM,60,20220209,220000,30153.0000000,30208.0000000,30142.0000000,30208.0000000,261
NFLX-RM,60,20220209,230000,30229.0000000,30617.0000000,30229.0000000,30617.0000000,78
NFLX-RM,60,20220210,000000,30608.0000000,30691.0000000,30491.0000000,30648.0000000,64
NFLX-RM,60,20220210,080000,30650.0000000,30815.0000000,30650.0000000,30813.0000000,20
NFLX-RM,60,20220210,090000,30803.0000000,30808.0000000,30773.0000000,30779.0000000,25
NFLX-RM,60,20220210,100000,30834.0000000,30904.0000000,30825.0000000,30898.0000000,28
NFLX-RM,60,20220210,110000,30885.0000000,30892.0000000,30738.0000000,30842.0000000,186
NFLX-RM,60,20220210,120000,30824.0000000,30824.0000000,30630.0000000,30692.0000000,81
NFLX-RM,60,20220210,130000,30693.0000000,30693.0000000,30552.0000000,30649.0000000,273
NFLX-RM,60,20220210,140000,30650.0000000,30800.0000000,30650.0000000,30736.0000000,255
NFLX-RM,60,20220210,150000,30688.0000000,30690.0000000,30600.0000000,30600.0000000,25
NFLX-RM,60,20220210,160000,30590.0000000,30709.0000000,30577.0000000,30577.0000000,114
NFLX-RM,60,20220210,170000,30558.0000000,30609.0000000,30047.0000000,30183.0000000,182
NFLX-RM,60,20220210,180000,30150.0000000,30423.0000000,29948.0000000,30276.0000000,526
NFLX-RM,60,20220210,190000,30250.0000000,30443.0000000,29945.0000000,30168.0000000,174
NFLX-RM,60,20220210,200000,30140.0000000,30350.0000000,30029.0000000,30169.0000000,121
NFLX-RM,60,20220210,210000,30167.0000000,30380.0000000,30000.0000000,30088.0000000,276
NFLX-RM,60,20220210,220000,30052.0000000,30067.0000000,29713.0000000,29982.0000000,248
NFLX-RM,60,20220210,230000,29918.0000000,30033.0000000,29776.0000000,29993.0000000,171
NFLX-RM,60,20220211,000000,30006.0000000,30526.0000000,30006.0000000,30220.0000000,267
NFLX-RM,60,20220211,080000,30273.0000000,30350.0000000,30270.0000000,30310.0000000,19
NFLX-RM,60,20220211,090000,30206.0000000,30206.0000000,30164.0000000,30188.0000000,25
NFLX-RM,60,20220211,100000,30135.0000000,30216.0000000,30000.0000000,30216.0000000,192
NFLX-RM,60,20220211,110000,30246.0000000,30271.0000000,30194.0000000,30253.0000000,29
NFLX-RM,60,20220211,120000,30248.0000000,30248.0000000,30100.0000000,30136.0000000,8
NFLX-RM,60,20220211,130000,30136.0000000,30166.0000000,30077.0000000,30077.0000000,9
NFLX-RM,60,20220211,140000,30066.0000000,30109.0000000,30045.0000000,30109.0000000,11
NFLX-RM,60,20220211,150000,30116.0000000,30160.0000000,30050.0000000,30160.0000000,7
NFLX-RM,60,20220211,160000,30086.0000000,30413.0000000,30086.0000000,30375.0000000,166
NFLX-RM,60,20220211,170000,30383.0000000,30693.0000000,30383.0000000,30693.0000000,155
NFLX-RM,60,20220211,180000,30693.0000000,31050.0000000,30322.0000000,30766.0000000,318
NFLX-RM,60,20220211,190000,30832.0000000,31164.0000000,30832.0000000,30855.0000000,336
NFLX-RM,60,20220211,200000,30855.0000000,30855.0000000,30150.0000000,30199.0000000,68
NFLX-RM,60,20220211,210000,30222.0000000,30413.0000000,29950.0000000,30186.0000000,192
NFLX-RM,60,20220211,220000,30244.0000000,30314.0000000,29985.0000000,30264.0000000,234
NFLX-RM,60,20220211,230000,30196.0000000,30210.0000000,29950.0000000,30200.0000000,137
NFLX-RM,60,20220212,000000,30250.0000000,30392.0000000,30085.0000000,30132.0000000,34
NFLX-RM,60,20220214,080000,30007.0000000,30750.0000000,30007.0000000,30376.0000000,19
NFLX-RM,60,20220214,090000,30376.0000000,30376.0000000,30100.0000000,30227.0000000,14
NFLX-RM,60,20220214,100000,30197.0000000,30197.0000000,29859.0000000,29949.0000000,89
NFLX-RM,60,20220214,110000,29832.0000000,30283.0000000,29312.0000000,29852.0000000,305
NFLX-RM,60,20220214,120000,29891.0000000,29891.0000000,29470.0000000,29680.0000000,92
NFLX-RM,60,20220214,130000,29715.0000000,29762.0000000,29715.0000000,29762.0000000,14
NFLX-RM,60,20220214,140000,29776.0000000,29776.0000000,29314.0000000,29550.0000000,148
NFLX-RM,60,20220214,150000,29569.0000000,29610.0000000,29550.0000000,29610.0000000,69
NFLX-RM,60,20220214,160000,29651.0000000,29877.0000000,29396.0000000,29625.0000000,240
NFLX-RM,60,20220214,170000,29681.0000000,29722.0000000,29597.0000000,29597.0000000,64
NFLX-RM,60,20220214,180000,29700.0000000,30700.0000000,29600.0000000,30557.0000000,451
NFLX-RM,60,20220214,190000,30435.0000000,31378.0000000,30435.0000000,31370.0000000,187
NFLX-RM,60,20220214,200000,31349.0000000,31450.0000000,31139.0000000,31139.0000000,531
NFLX-RM,60,20220214,210000,31201.0000000,31209.0000000,30856.0000000,30856.0000000,43
NFLX-RM,60,20220214,220000,30800.0000000,30831.0000000,30584.0000000,30662.0000000,152
NFLX-RM,60,20220214,230000,30563.0000000,30790.0000000,30466.0000000,30570.0000000,97
NFLX-RM,60,20220215,000000,30626.0000000,30673.0000000,30499.0000000,30569.0000000,66
NFLX-RM,60,20220215,080000,30113.0000000,30521.0000000,30113.0000000,30496.0000000,35
NFLX-RM,60,20220215,090000,30433.0000000,30474.0000000,30433.0000000,30451.0000000,21
NFLX-RM,60,20220215,100000,30534.0000000,30541.0000000,30314.0000000,30354.0000000,186
NFLX-RM,60,20220215,110000,30324.0000000,30450.0000000,30298.0000000,30399.0000000,57
NFLX-RM,60,20220215,120000,30400.0000000,30824.0000000,30231.0000000,30514.0000000,420
NFLX-RM,60,20220215,130000,30558.0000000,30700.0000000,30439.0000000,30500.0000000,138
NFLX-RM,60,20220215,140000,30558.0000000,30712.0000000,30450.0000000,30685.0000000,154
NFLX-RM,60,20220215,150000,30700.0000000,30722.0000000,30594.0000000,30650.0000000,25
NFLX-RM,60,20220215,160000,30590.0000000,30616.0000000,30420.0000000,30514.0000000,89
NFLX-RM,60,20220215,170000,30555.0000000,30597.0000000,30514.0000000,30526.0000000,59
NFLX-RM,60,20220215,180000,30527.0000000,30822.0000000,30357.0000000,30788.0000000,97
NFLX-RM,60,20220215,190000,30822.0000000,30832.0000000,30432.0000000,30832.0000000,68
NFLX-RM,60,20220215,200000,30711.0000000,30775.0000000,30561.0000000,30674.0000000,71
NFLX-RM,60,20220215,210000,30609.0000000,30622.0000000,30500.0000000,30557.0000000,19
NFLX-RM,60,20220215,220000,30700.0000000,30848.0000000,30676.0000000,30831.0000000,141
NFLX-RM,60,20220215,230000,30831.0000000,30866.0000000,30755.0000000,30815.0000000,34
NFLX-RM,60,20220216,000000,30815.0000000,30815.0000000,30507.0000000,30637.0000000,372
NFLX-RM,60,20220216,080000,30711.0000000,30728.0000000,30636.0000000,30728.0000000,26
NFLX-RM,60,20220216,090000,30719.0000000,30794.0000000,30693.0000000,30721.0000000,79
NFLX-RM,60,20220216,100000,30745.0000000,30745.0000000,30681.0000000,30681.0000000,44
NFLX-RM,60,20220216,110000,30650.0000000,30652.0000000,30442.0000000,30570.0000000,90
NFLX-RM,60,20220216,120000,30556.0000000,30798.0000000,30401.0000000,30591.0000000,199
NFLX-RM,60,20220216,130000,30658.0000000,30711.0000000,30607.0000000,30711.0000000,72
NFLX-RM,60,20220216,140000,30643.0000000,30657.0000000,30457.0000000,30457.0000000,204
NFLX-RM,60,20220216,150000,30511.0000000,30531.0000000,30461.0000000,30481.0000000,10
NFLX-RM,60,20220216,160000,30471.0000000,30598.0000000,30445.0000000,30445.0000000,91
NFLX-RM,60,20220216,170000,30542.0000000,30552.0000000,30273.0000000,30273.0000000,40
NFLX-RM,60,20220216,180000,30301.0000000,30338.0000000,29744.0000000,29960.0000000,425
NFLX-RM,60,20220216,190000,29960.0000000,30138.0000000,29715.0000000,29752.0000000,154
NFLX-RM,60,20220216,200000,29752.0000000,29803.0000000,29550.0000000,29584.0000000,284
NFLX-RM,60,20220216,210000,29642.0000000,29667.0000000,29422.0000000,29499.0000000,124
NFLX-RM,60,20220216,220000,29456.0000000,29568.0000000,29444.0000000,29541.0000000,51
NFLX-RM,60,20220216,230000,29596.0000000,29917.0000000,29525.0000000,29812.0000000,220
NFLX-RM,60,20220217,000000,29816.0000000,29933.0000000,29809.0000000,29922.0000000,191
NFLX-RM,60,20220217,080000,30108.0000000,30108.0000000,29897.0000000,30000.0000000,88
NFLX-RM,60,20220217,090000,30029.0000000,30029.0000000,29925.0000000,30009.0000000,61
NFLX-RM,60,20220217,100000,30040.0000000,30089.0000000,29940.0000000,29940.0000000,29
NFLX-RM,60,20220217,110000,29925.0000000,30082.0000000,29887.0000000,30082.0000000,85
NFLX-RM,60,20220217,120000,30060.0000000,30328.0000000,30059.0000000,30254.0000000,271
NFLX-RM,60,20220217,130000,30238.0000000,30277.0000000,30077.0000000,30077.0000000,175
NFLX-RM,60,20220217,140000,30056.0000000,30056.0000000,29940.0000000,29964.0000000,6
NFLX-RM,60,20220217,150000,30069.0000000,30069.0000000,30000.0000000,30048.0000000,19
NFLX-RM,60,20220217,160000,29950.0000000,30056.0000000,29950.0000000,29992.0000000,71
NFLX-RM,60,20220217,170000,30009.0000000,30136.0000000,29916.0000000,29916.0000000,77
NFLX-RM,60,20220217,180000,30005.0000000,30301.0000000,29900.0000000,30301.0000000,174
NFLX-RM,60,20220217,190000,30295.0000000,30430.0000000,29898.0000000,29912.0000000,246
NFLX-RM,60,20220217,200000,29930.0000000,30167.0000000,29904.0000000,30074.0000000,93
NFLX-RM,60,20220217,210000,30039.0000000,30039.0000000,29934.0000000,29980.0000000,40
NFLX-RM,60,20220217,220000,29980.0000000,29983.0000000,29832.0000000,29918.0000000,49
NFLX-RM,60,20220217,230000,29860.0000000,29860.0000000,29748.0000000,29781.0000000,51
NFLX-RM,60,20220218,000000,29650.0000000,29895.0000000,29533.0000000,29895.0000000,55
NFLX-RM,60,20220218,080000,29843.0000000,29844.0000000,29633.0000000,29652.0000000,21
NFLX-RM,60,20220218,090000,29659.0000000,29695.0000000,29646.0000000,29646.0000000,42
NFLX-RM,60,20220218,100000,29621.0000000,29632.0000000,29517.0000000,29517.0000000,27
NFLX-RM,60,20220218,110000,29501.0000000,29501.0000000,29368.0000000,29400.0000000,99
NFLX-RM,60,20220218,120000,29374.0000000,29643.0000000,29311.0000000,29552.0000000,42
NFLX-RM,60,20220218,130000,29482.0000000,29777.0000000,29482.0000000,29707.0000000,30
NFLX-RM,60,20220218,140000,29653.0000000,29719.0000000,29653.0000000,29653.0000000,19
NFLX-RM,60,20220218,150000,29653.0000000,29697.0000000,29618.0000000,29697.0000000,16
NFLX-RM,60,20220218,160000,29635.0000000,29943.0000000,29598.0000000,29919.0000000,99
NFLX-RM,60,20220218,170000,29919.0000000,30002.0000000,29775.0000000,29871.0000000,265
NFLX-RM,60,20220218,180000,29933.0000000,30820.0000000,29933.0000000,30542.0000000,810
NFLX-RM,60,20220218,190000,30460.0000000,30497.0000000,30150.0000000,30150.0000000,54
NFLX-RM,60,20220218,200000,30150.0000000,30300.0000000,30095.0000000,30190.0000000,119
NFLX-RM,60,20220218,210000,30084.0000000,30400.0000000,30084.0000000,30210.0000000,57
NFLX-RM,60,20220218,220000,30210.0000000,30587.0000000,30190.0000000,30540.0000000,59
NFLX-RM,60,20220218,230000,30580.0000000,30850.0000000,30580.0000000,30731.0000000,129
NFLX-RM,60,20220219,000000,30804.0000000,30804.0000000,30302.0000000,30370.0000000,44
NFLX-RM,60,20220222,080000,30370.0000000,30370.0000000,28906.0000000,29710.0000000,88
NFLX-RM,60,20220222,090000,29378.0000000,29400.0000000,29047.0000000,29400.0000000,55
NFLX-RM,60,20220222,100000,29400.0000000,29876.0000000,29309.0000000,29797.0000000,77
NFLX-RM,60,20220222,110000,29856.0000000,30265.0000000,29328.0000000,29501.0000000,568
NFLX-RM,60,20220222,120000,29503.0000000,30900.0000000,29500.0000000,30156.0000000,253
NFLX-RM,60,20220222,130000,30989.0000000,30995.0000000,30317.0000000,30584.0000000,40
NFLX-RM,60,20220222,140000,30546.0000000,30742.0000000,30509.0000000,30742.0000000,73
NFLX-RM,60,20220222,150000,30743.0000000,30858.0000000,30669.0000000,30745.0000000,86
NFLX-RM,60,20220222,160000,30812.0000000,30950.0000000,30501.0000000,30794.0000000,97
NFLX-RM,60,20220222,170000,30830.0000000,30895.0000000,30700.0000000,30812.0000000,49
NFLX-RM,60,20220222,180000,30815.0000000,30993.0000000,30000.0000000,30815.0000000,335
NFLX-RM,60,20220222,190000,30792.0000000,31200.0000000,30135.0000000,30394.0000000,151
NFLX-RM,60,20220222,200000,30207.0000000,30305.0000000,30011.0000000,30076.0000000,79
NFLX-RM,60,20220222,210000,30095.0000000,30197.0000000,30000.0000000,30107.0000000,141
NFLX-RM,60,20220222,220000,30048.0000000,30100.0000000,29744.0000000,29760.0000000,36
NFLX-RM,60,20220222,230000,29839.0000000,30112.0000000,29650.0000000,30057.0000000,77
NFLX-RM,60,20220223,000000,30105.0000000,30201.0000000,29830.0000000,29830.0000000,31
NFLX-RM,60,20220223,080000,30299.0000000,30299.0000000,30000.0000000,30000.0000000,8
NFLX-RM,60,20220223,090000,30274.0000000,30274.0000000,30274.0000000,30274.0000000,3
NFLX-RM,60,20220223,100000,30222.0000000,30297.0000000,30222.0000000,30297.0000000,10
NFLX-RM,60,20220223,110000,30268.0000000,30300.0000000,30125.0000000,30300.0000000,9
NFLX-RM,60,20220223,120000,30194.0000000,30400.0000000,30194.0000000,30400.0000000,18
NFLX-RM,60,20220223,140000,30293.0000000,30352.0000000,30293.0000000,30352.0000000,7
NFLX-RM,60,20220223,150000,30324.0000000,30400.0000000,30324.0000000,30400.0000000,16
NFLX-RM,60,20220223,160000,30403.0000000,30656.0000000,30402.0000000,30647.0000000,16
NFLX-RM,60,20220223,170000,30604.0000000,30604.0000000,30499.0000000,30499.0000000,19
NFLX-RM,60,20220223,180000,30522.0000000,30900.0000000,30403.0000000,30403.0000000,135
NFLX-RM,60,20220223,190000,30304.0000000,30557.0000000,30285.0000000,30319.0000000,102
NFLX-RM,60,20220223,200000,30180.0000000,30380.0000000,30132.0000000,30380.0000000,437
NFLX-RM,60,20220223,210000,30427.0000000,30473.0000000,30285.0000000,30295.0000000,82
NFLX-RM,60,20220223,220000,30177.0000000,30188.0000000,30117.0000000,30117.0000000,31
NFLX-RM,60,20220223,230000,30107.0000000,30222.0000000,29992.0000000,29992.0000000,133
NFLX-RM,60,20220224,000000,30001.0000000,30044.0000000,29815.0000000,29815.0000000,19
NFLX-RM,60,20220224,080000,29477.0000000,33403.0000000,28111.0000000,28377.0000000,27
NFLX-RM,60,20220224,100000,28511.0000000,30203.0000000,28511.0000000,30203.0000000,10
NFLX-RM,60,20220224,110000,30203.0000000,30845.0000000,28204.0000000,29400.0000000,74
NFLX-RM,60,20220224,120000,29300.0000000,30201.0000000,28320.0000000,28500.0000000,126
NFLX-RM,60,20220224,130000,28400.0000000,29988.0000000,28000.0000000,29000.0000000,51
NFLX-RM,60,20220224,140000,28222.0000000,28999.0000000,27800.0000000,27800.0000000,58
NFLX-RM,60,20220224,150000,27700.0000000,28497.0000000,27700.0000000,28032.0000000,30
NFLX-RM,60,20220224,160000,27888.0000000,27888.0000000,27751.0000000,27751.0000000,3
NFLX-RM,60,20220224,170000,27700.0000000,27800.0000000,26500.0000000,27500.0000000,63
NFLX-RM,60,20220224,180000,27799.0000000,31000.0000000,27777.0000000,31000.0000000,342
NFLX-RM,60,20220224,190000,30954.0000000,31500.0000000,28850.0000000,30900.0000000,231
NFLX-RM,60,20220224,200000,30850.0000000,32000.0000000,29100.0000000,29337.0000000,190
NFLX-RM,60,20220224,210000,29340.0000000,31500.0000000,29222.0000000,30777.0000000,44
NFLX-RM,60,20220224,220000,30700.0000000,31500.0000000,29504.0000000,31500.0000000,96
NFLX-RM,60,20220224,230000,31400.0000000,31400.0000000,29500.0000000,29500.0000000,20
NFLX-RM,60,20220225,000000,29500.0000000,29500.0000000,28900.0000000,28900.0000000,9
NFLX-RM,60,20220225,120000,28017.0000000,29000.0000000,27600.0000000,27600.0000000,11
